message,report_time,disaster_category,information_type,report_classification,timestamp
9AAC8884E3009324000009C60539619DC0000100000000010000001065F294C,2024-01-01T07:06:00.000Z,緊急地震速報,発表,最優先,2024-01-01T16:06:23+09:00
53AD1884E380004E3444000000000000000000000000000000000013B608D48,2024-01-01T07:07:00.000Z,震度,発表,優先,2024-01-01T16:08:19+09:00
9AAD1084E400035C000009C6053961895E011290000000000000001237A450C,2024-01-01T07:08:00.000Z,震源,発表,優先,2024-01-01T16:08:59+09:00
53AD1084E500035DE20009C6053961895E011290000000000000001313C1D78,2024-01-01T07:10:00.000Z,震源,発表,優先,2024-01-01T16:10:19+09:00
C6AC8884E5009324000009CA0537619DC00001000000000100000013AF001D8,2024-01-01T07:10:00.000Z,緊急地震速報,発表,最優先,2024-01-01T16:10:27+09:00
C6AD1884E500004E34440000000000000000000000000000000000107E32B60,2024-01-01T07:10:00.000Z,震度,発表,優先,2024-01-01T16:10:39+09:00
C6AC8884E500DB24000009CA054261AA8002073000000009C00000111913DE4,2024-01-01T07:10:00.000Z,緊急地震速報,発表,最優先,2024-01-01T16:10:51+09:00
C6AC8884E5812324000009CA054A7BEA80BF87FF30000019E0000012B77BE2C,2024-01-01T07:11:00.000Z,緊急地震速報,発表,最優先,2024-01-01T16:11:15+09:00
9AAD1884E580004E564620CF4A0000000000000000000000000000117E234D8,2024-01-01T07:11:00.000Z,震度,発表,優先,2024-01-01T16:11:59+09:00
53AD1884E580004E56469F1089351AA8745000000000000000000012BFE74D4,2024-01-01T07:11:00.000Z,震度,発表,優先,2024-01-01T16:12:19+09:00
C6AD1884E600004E56469F1089351AA8643A2514974C264000000013C53A204,2024-01-01T07:12:00.000Z,震度,発表,優先,2024-01-01T16:12:39+09:00
C6ACA884E60001E8F67C320035A5FFCD547FF3555FFCD5E7FF35A0115F70CF0,2024-01-01T07:12:00.000Z,津波,発表,最優先,2024-01-01T16:13:03+09:00
C6AD1884E680004E56469F1089351AA9A4CA612E89452710E864581396278D8,2024-01-01T07:13:00.000Z,震度,発表,優先,2024-01-01T16:13:39+09:00
9AAD1884E680004E56469F1089351AA9C4DA6932984BA29169D44810E099910,2024-01-01T07:13:00.000Z,震度,発表,優先,2024-01-01T16:13:59+09:00
53AD1884E680004E52210E864B27C000000000000000000000000012061ADCC,2024-01-01T07:13:00.000Z,震度,発表,優先,2024-01-01T16:14:19+09:00
9AAD1884E700004E56469F1089351AA9C4DA6932984BA29169D448108B3B4F0,2024-01-01T07:14:00.000Z,震度,発表,優先,2024-01-01T16:14:59+09:00
53AD1884E700004E52210E864B27C000000000000000000000000011C394B78,2024-01-01T07:14:00.000Z,震度,発表,優先,2024-01-01T16:15:19+09:00
C6AD1884E700004E57469F1089351AA9C4DA6932984BA29169D448131BC7928,2024-01-01T07:14:00.000Z,震度,発表,優先,2024-01-01T16:15:39+09:00
9AAD1084E800034DE20009CA004A61895E01126000000000000000102ABCAC0,2024-01-01T07:16:00.000Z,震源,発表,優先,2024-01-01T16:16:59+09:00
53AD1884E800004E57469F1089351AA9C4DA6932984BA29169D448117F973B4,2024-01-01T07:16:00.000Z,震度,発表,優先,2024-01-01T16:17:19+09:00
C6AD1884E800004E52210E864B27C000000000000000000000000012833DA60,2024-01-01T07:16:00.000Z,震度,発表,優先,2024-01-01T16:17:39+09:00
C6AC8884E9009324000009D20A3A7BD9800003000000000100000013FE625F4,2024-01-01T07:18:00.000Z,緊急地震速報,発表,最優先,2024-01-01T16:19:03+09:00
53ACA884EB0001E4F47B57FF45A00000000000000000000000000011B37F2B4,2024-01-01T07:22:00.000Z,津波,発表,最優先,2024-01-01T16:22:43+09:00
9AACA884EB0001E4F47B31E833C07C8D6920035C8800E087FF355011DDFED1C,2024-01-01T07:22:00.000Z,津波,発表,最優先,2024-01-01T16:22:47+09:00
C6ACA884EB0001E4F47B37FF3555FFCD5E000000000000000000001222AAC00,2024-01-01T07:22:00.000Z,津波,発表,最優先,2024-01-01T16:22:51+09:00
53AD1084EB80034DE20009D2053D61894C0111B00000000000000013F92C790,2024-01-01T07:23:00.000Z,震源,発表,優先,2024-01-01T16:23:19+09:00
C6AD1884EB80004E94452000000000000000000000000000000000113633778,2024-01-01T07:23:00.000Z,震度,発表,優先,2024-01-01T16:23:39+09:00
9AAD1084EC00034DE30009CA004C61895E01126000000000000000121A94848,2024-01-01T07:24:00.000Z,震源,発表,優先,2024-01-01T16:24:59+09:00
53AD1884EC00004E57469F1089351AA9C4DA6932984BA29169D4481347FC9D4,2024-01-01T07:24:00.000Z,震度,発表,優先,2024-01-01T16:25:19+09:00
C6AD1884EC00004E52210E864B27C000000000000000000000000010BB56000,2024-01-01T07:24:00.000Z,震度,発表,優先,2024-01-01T16:25:39+09:00
C6AD1084F080034C000009DD052E7BC96401129000000000000000129818C54,2024-01-01T07:33:00.000Z,震源,発表,優先,2024-01-01T16:33:39+09:00
9AAD1884F080004EEA44000000000000000000000000000000000013E26D83C,2024-01-01T07:33:00.000Z,震度,発表,優先,2024-01-01T16:33:59+09:00
9AAC8884F4004B24000009E70A377BD9800001000000000100000010B32C67C,2024-01-01T07:40:00.000Z,緊急地震速報,発表,最優先,2024-01-01T16:40:35+09:00
9AAD1884F480004F3A44000000000000000000000000000000000011C18A480,2024-01-01T07:41:00.000Z,震度,発表,優先,2024-01-01T16:41:59+09:00
53AD1884F500004F3A44000000000000000000000000000000000012DA251F4,2024-01-01T07:42:00.000Z,震度,発表,優先,2024-01-01T16:43:19+09:00
C6AD1084F580034DE20009E705345EC95E0112F000000000000000102A3680C,2024-01-01T07:43:00.000Z,震源,発表,優先,2024-01-01T16:43:39+09:00
9AAD1884F580004F3A440000000000000000000000000000000000114F90A18,2024-01-01T07:43:00.000Z,震度,発表,優先,2024-01-01T16:43:59+09:00
C6AD1084F680034C000009EA0034618958011260000000000000001349458B8,2024-01-01T07:45:00.000Z,震源,発表,優先,2024-01-01T16:46:39+09:00
9AAD1884F680004F5244000000000000000000000000000000000010976542C,2024-01-01T07:45:00.000Z,震度,発表,優先,2024-01-01T16:46:59+09:00
C6AD1084F980034C000009F005326189520111B000000000000000123485590,2024-01-01T07:51:00.000Z,震源,発表,優先,2024-01-01T16:51:39+09:00
9AAD1884F980004F82440000000000000000000000000000000000134BA5C0C,2024-01-01T07:51:00.000Z,震度,発表,優先,2024-01-01T16:51:59+09:00
53AC8884FC000324000009F8050A7BDEC00001000000000100000012B66B310,2024-01-01T07:56:00.000Z,緊急地震速報,発表,最優先,2024-01-01T16:57:07+09:00
C6AD1884FD00004FC4452000000000000000000000000000000000105176848,2024-01-01T07:58:00.000Z,震度,発表,優先,2024-01-01T16:58:39+09:00
9AAD1884FD80004FC44520000000000000000000000000000000001147CA174,2024-01-01T07:59:00.000Z,震度,発表,優先,2024-01-01T16:59:59+09:00
53AD10850000034DE20009F80A396189520111B00000000000000012806BEE4,2024-01-01T08:00:00.000Z,震源,発表,優先,2024-01-01T17:00:19+09:00
C6AD18850000004FC445200000000000000000000000000000000013DE4CF50,2024-01-01T08:00:00.000Z,震度,発表,優先,2024-01-01T17:00:39+09:00
9AAC888501804B2400000A0205336199800001000000000100000011785DAE0,2024-01-01T08:03:00.000Z,緊急地震速報,発表,最優先,2024-01-01T17:03:11+09:00
9AAD10850280034DE2000A0205316189580112000000000000000013C74B07C,2024-01-01T08:05:00.000Z,震源,発表,優先,2024-01-01T17:05:59+09:00
C6AD18850280005012440000000000000000000000000000000000124875AA8,2024-01-01T08:05:00.000Z,震度,発表,優先,2024-01-01T17:06:39+09:00
53AC888503804B2400000A0705356199800001000000000100000011A5338C0,2024-01-01T08:07:00.000Z,緊急地震速報,発表,最優先,2024-01-01T17:07:31+09:00
53AD10850500034C00000A0705347BC94C01112000000000000000100EB6134,2024-01-01T08:10:00.000Z,震源,発表,優先,2024-01-01T17:10:19+09:00
C6AD1885050000503A440000000000000000000000000000000000114670FF0,2024-01-01T08:10:00.000Z,震度,発表,優先,2024-01-01T17:10:39+09:00
9AAD1885098000508A4400000000000000000000000000000000001069AB8F4,2024-01-01T08:19:00.000Z,震度,発表,優先,2024-01-01T17:19:59+09:00
C6AD10850A00034C00000A110F2E61895E0112600000000000000012FF4AC10,2024-01-01T08:20:00.000Z,震源,発表,優先,2024-01-01T17:20:39+09:00
9AAD18850A0000508A440000000000000000000000000000000000103AC53A0,2024-01-01T08:20:00.000Z,震度,発表,優先,2024-01-01T17:20:59+09:00
53AC88850B004B2400000A1605346199800001000000000100000012AF0FAD4,2024-01-01T08:22:00.000Z,緊急地震速報,発表,最優先,2024-01-01T17:22:43+09:00
53AD18850B800050B344000000000000000000000000000000000010AF42880,2024-01-01T08:23:00.000Z,震度,発表,優先,2024-01-01T17:24:19+09:00
9AAD10850C80034DE2000A1605307BC95E0112300000000000000012C1FED48,2024-01-01T08:25:00.000Z,震源,発表,優先,2024-01-01T17:25:59+09:00
C6AD18850C800050B3440000000000000000000000000000000000114529440,2024-01-01T08:25:00.000Z,震度,発表,優先,2024-01-01T17:26:39+09:00
9AAD10850D00034C00000A14052A5EC9640113200000000000000012874B6DC,2024-01-01T08:26:00.000Z,震源,発表,優先,2024-01-01T17:26:59+09:00
53AD18850D000050A244000000000000000000000000000000000013CC7F198,2024-01-01T08:26:00.000Z,震度,発表,優先,2024-01-01T17:27:19+09:00
C6AD10851C80034C00000A3505247BC95801118000000000000000119E51CEC,2024-01-01T08:57:00.000Z,震源,発表,優先,2024-01-01T17:57:39+09:00
53AD18851C800051AA4400000000000000000000000000000000001011F3BC8,2024-01-01T08:57:00.000Z,震度,発表,優先,2024-01-01T17:58:19+09:00
C6AC88852200932400000A4305387BD9800001000000000100000012612CD5C,2024-01-01T09:04:00.000Z,緊急地震速報,発表,最優先,2024-01-01T18:04:15+09:00
9AAD1885228000521B44000000000000000000000000000000000010F322064,2024-01-01T09:05:00.000Z,震度,発表,優先,2024-01-01T18:05:59+09:00
9AAD1885230000521B440000000000000000000000000000000000109880D84,2024-01-01T09:06:00.000Z,震度,発表,優先,2024-01-01T18:06:59+09:00
C6AD10852380034DE2000A430A357BC9640112C000000000000000133A1D1E8,2024-01-01T09:07:00.000Z,震源,発表,優先,2024-01-01T18:07:39+09:00
53AD1885238000521B4400000000000000000000000000000000001187E06B8,2024-01-01T09:07:00.000Z,震度,発表,優先,2024-01-01T18:08:19+09:00
53AC88852400932400000A48053E7BDDC000072000000001800000131393924,2024-01-01T09:08:00.000Z,緊急地震速報,発表,最優先,2024-01-01T18:08:43+09:00
53AD18852500005244451E90000000000000000000000000000000110F9AAE0,2024-01-01T09:10:00.000Z,震度,発表,優先,2024-01-01T18:10:19+09:00
9AAD10852580034DE2000A4805387BC9640112C000000000000000137453724,2024-01-01T09:11:00.000Z,震源,発表,優先,2024-01-01T18:11:59+09:00
53AD18852580005243451E9000000000000000000000000000000010BA5F5C4,2024-01-01T09:11:00.000Z,震度,発表,優先,2024-01-01T18:12:19+09:00
9AAD10852C80034C00000A57052C6189520112600000000000000013F8D15AC,2024-01-01T09:25:00.000Z,震源,発表,優先,2024-01-01T18:25:59+09:00
C6AD18852C800052BA440000000000000000000000000000000000126CE9724,2024-01-01T09:25:00.000Z,震度,発表,優先,2024-01-01T18:26:39+09:00
53AC88852F004B2400000A5E05347BD980000100000000010000001319B08B8,2024-01-01T09:30:00.000Z,緊急地震速報,発表,最優先,2024-01-01T18:31:07+09:00
53AD188530000052F244000000000000000000000000000000000013ABC5914,2024-01-01T09:32:00.000Z,震度,発表,優先,2024-01-01T18:32:19+09:00
9AAD10853080034DE2000A5E05317BC9640112C00000000000000011CCAB5DC,2024-01-01T09:33:00.000Z,震源,発表,優先,2024-01-01T18:33:59+09:00
53AD188530800052F2440000000000000000000000000000000000132FEE980,2024-01-01T09:33:00.000Z,震度,発表,優先,2024-01-01T18:34:19+09:00
9AAC88853400932400000A68053B7BD9800003000000000100000011C5A62D8,2024-01-01T09:40:00.000Z,緊急地震速報,発表,最優先,2024-01-01T18:40:23+09:00
53AD1885350000534344000000000000000000000000000000000011124891C,2024-01-01T09:42:00.000Z,震度,発表,優先,2024-01-01T18:42:19+09:00
C6AD10853580034DE2000A68052F7BC946011120000000000000001218288B4,2024-01-01T09:43:00.000Z,震源,発表,優先,2024-01-01T18:43:39+09:00
9AAD18853580005343440000000000000000000000000000000000136022EAC,2024-01-01T09:43:00.000Z,震度,発表,優先,2024-01-01T18:43:59+09:00
9AAD10853D80034C00000A78002A6189580111B000000000000000137B49280,2024-01-01T09:59:00.000Z,震源,発表,優先,2024-01-01T18:59:59+09:00
53AD18853D800053C244000000000000000000000000000000000010AEC0B78,2024-01-01T09:59:00.000Z,震度,発表,優先,2024-01-01T19:00:19+09:00
9AAD18854E800054E244000000000000000000000000000000000013DC66FFC,2024-01-01T10:29:00.000Z,震度,発表,優先,2024-01-01T19:29:59+09:00
C6AD10854F00034C00000A9C052C61895E01126000000000000000122D8302C,2024-01-01T10:30:00.000Z,震源,発表,優先,2024-01-01T19:31:39+09:00
9AAD18854F000054E24400000000000000000000000000000000001374E25C4,2024-01-01T10:30:00.000Z,震度,発表,優先,2024-01-01T19:31:59+09:00
53AD1885598000559244000000000000000000000000000000000013BDB4190,2024-01-01T10:51:00.000Z,震度,発表,優先,2024-01-01T19:52:19+09:00
9AAD10855A80034C00000AB2052D61895E0112600000000000000011CE317E8,2024-01-01T10:53:00.000Z,震源,発表,優先,2024-01-01T19:53:59+09:00
53AD18855A80005592440000000000000000000000000000000000130B629BC,2024-01-01T10:53:00.000Z,震度,発表,優先,2024-01-01T19:54:19+09:00
C6ACA8856F0001E8F67C37FF33C1FFCD547FF3555FFCD5E7FF35A011DA43D08,2024-01-01T11:30:00.000Z,津波,発表,最優先,2024-01-01T20:30:15+09:00
9AACA8856F0001E8F67C37FF35A5FFCD727FF382000000000000001262F75EC,2024-01-01T11:30:00.000Z,津波,発表,最優先,2024-01-01T20:30:23+09:00
53AD1885728000571B4400000000000000000000000000000000001075600D4,2024-01-01T11:37:00.000Z,震度,発表,優先,2024-01-01T20:37:19+09:00
53AD10857300034C00000AE3052E61894C0111500000000000000013DB63218,2024-01-01T11:38:00.000Z,震源,発表,優先,2024-01-01T20:39:19+09:00
9AAD1885730000571B440000000000000000000000000000000000124A36E24,2024-01-01T11:38:00.000Z,震度,発表,優先,2024-01-01T20:39:59+09:00
C6AD18858B000058A244000000000000000000000000000000000012633B694,2024-01-01T12:22:00.000Z,震度,発表,優先,2024-01-01T21:22:39+09:00
C6AD10858B80034C00000B14052D61895E011260000000000000001239C6498,2024-01-01T12:23:00.000Z,震源,発表,優先,2024-01-01T21:23:39+09:00
9AAD18858B800058A2440000000000000000000000000000000000137587FA8,2024-01-01T12:23:00.000Z,震度,発表,優先,2024-01-01T21:23:59+09:00
9AAD1885C280005C1F469F1089351AA9C4DA6932984BA29169D44811EA37778,2024-01-01T14:05:00.000Z,震度,発表,優先,2024-01-01T23:05:59+09:00
C6AD1885C280005C1A210E864B27C0000000000000000000000000104269DBC,2024-01-01T14:05:00.000Z,震度,発表,優先,2024-01-01T23:06:39+09:00
9AAD1885C6C0005C1F469F1089351AA9C4DA6932984BA29169D44813C113F48,2024-01-01T14:13:00.000Z,震度,取消,優先,2024-01-01T23:13:59+09:00
53AD1885C6C0005C1A210E864B27C0000000000000000000000000110D9BB00,2024-01-01T14:13:00.000Z,震度,取消,優先,2024-01-01T23:14:19+09:00
C6AD1085D580034C00000B9E052B61894C0111500000000000000013119CF64,2024-01-01T14:43:00.000Z,震源,発表,優先,2024-01-01T23:43:39+09:00
9AAD1885D580005CF24400000000000000000000000000000000001045F4758,2024-01-01T14:43:00.000Z,震度,発表,優先,2024-01-01T23:43:59+09:00
C6AD1885E500005E424400000000000000000000000000000000001045161F0,2024-01-01T15:10:00.000Z,震度,発表,優先,2024-01-02T00:10:39+09:00
C6AD1085E580034C00000BC8052D61895E011290000000000000001022C9AA4,2024-01-01T15:11:00.000Z,震源,発表,優先,2024-01-02T00:11:39+09:00
9AAD1885E580005E424400000000000000000000000000000000001153AA8CC,2024-01-01T15:11:00.000Z,震度,発表,優先,2024-01-02T00:11:59+09:00
53ADA886078001ECF88427FF23C1FFC9547FF2555FFC95E7FF25A0106A7B40C,2024-01-01T16:15:00.000Z,津波,発表,通常,2024-01-02T01:15:43+09:00
C6ADA886078001ECF88427FF25A5FFC9727FF2820000000000000011BB7696C,2024-01-01T16:15:00.000Z,津波,発表,通常,2024-01-02T01:16:03+09:00
C6ADA8862F000198F67C27FF23C1FFC9547FF2555FFC95E7FF25A012DC6F084,2024-01-01T17:30:00.000Z,津波,発表,通常,2024-01-02T02:31:03+09:00
9AADA8862F000198F67C27FF25A5FFC9727FF28200000000000000101CFC69C,2024-01-01T17:30:00.000Z,津波,発表,通常,2024-01-02T02:31:23+09:00
C6AD18864F000064DA44000000000000000000000000000000000011B11AA5C,2024-01-01T18:30:00.000Z,震度,発表,優先,2024-01-02T03:30:27+09:00
53AD10865000034C00000C9D002861894C011180000000000000001393B72AC,2024-01-01T18:32:00.000Z,震源,発表,優先,2024-01-02T03:33:07+09:00
9AAD188650000064EA44000000000000000000000000000000000013F6CC478,2024-01-01T18:32:00.000Z,震度,発表,優先,2024-01-02T03:33:11+09:00
53AD18867580006752440000000000000000000000000000000000113012B20,2024-01-01T19:43:00.000Z,震度,発表,優先,2024-01-02T04:43:55+09:00
C6AD10867680034C00000CEA05317BC9520111500000000000000012C8495E8,2024-01-01T19:45:00.000Z,震源,発表,優先,2024-01-02T04:45:27+09:00
53AD18867680006752440000000000000000000000000000000000130C113DC,2024-01-01T19:45:00.000Z,震度,発表,優先,2024-01-02T04:45:31+09:00
C6AD1886C780006C6A4400000000000000000000000000000000001175DDB14,2024-01-01T22:15:00.000Z,震度,発表,優先,2024-01-02T07:15:27+09:00
53AD1086C800034C00000D8D0A2F6189520111B00000000000000012EB0DAC4,2024-01-01T22:16:00.000Z,震源,発表,優先,2024-01-02T07:16:55+09:00
9AAD1886C800006C6A440000000000000000000000000000000000132A14130,2024-01-01T22:16:00.000Z,震度,発表,優先,2024-01-02T07:16:59+09:00
53ADA886CF000198F67C27FF23C1FFC9547FF2555FFC95E7FF25A0129B906DC,2024-01-01T22:30:00.000Z,津波,発表,通常,2024-01-02T07:30:43+09:00
C6ADA886CF000198F67C27FF25A5FFC9727FF2820000000000000013E828F88,2024-01-01T22:30:00.000Z,津波,発表,通常,2024-01-02T07:31:03+09:00
9AAD1888018000800A44000000000000000000000000000000000012C784FA4,2024-01-02T00:03:00.000Z,震度,発表,優先,2024-01-02T09:03:35+09:00
53AD10880200034C000010010A277BC95801118000000000000000126CDD4D4,2024-01-02T00:04:00.000Z,震源,発表,優先,2024-01-02T09:04:31+09:00
9AAD1888020000800A4400000000000000000000000000000000001294EA4F0,2024-01-02T00:04:00.000Z,震度,発表,優先,2024-01-02T09:04:35+09:00
C6AD10880880034C0000100E0F2F618958011260000000000000001066272B4,2024-01-02T00:17:00.000Z,震源,発表,優先,2024-01-02T09:17:51+09:00
53AD18880880008072440000000000000000000000000000000000109EE4CF0,2024-01-02T00:17:00.000Z,震度,発表,優先,2024-01-02T09:17:55+09:00
9AADA888200001A0D67C200023C0000954000255400095E00025A013DC107A8,2024-01-02T01:00:00.000Z,津波,発表,通常,2024-01-02T10:00:23+09:00
53ADA888200001A0D67C200025A400097200028200000000000000111A42218,2024-01-02T01:00:00.000Z,津波,発表,通常,2024-01-02T10:00:43+09:00
53AC88882880032400001051050A7BDAC00001000000000100000011A0FACA0,2024-01-02T01:17:00.000Z,緊急地震速報,発表,最優先,2024-01-02T10:17:55+09:00
C6AD1888298000828B44000000000000000000000000000000000010FD05474,2024-01-02T01:19:00.000Z,震度,発表,優先,2024-01-02T10:19:51+09:00
53AD18882A0000828B440000000000000000000000000000000000136808598,2024-01-02T01:20:00.000Z,震度,発表,優先,2024-01-02T10:20:31+09:00
53AD10882A00035000001051053861894C0111500000000000000013211EC04,2024-01-02T01:20:00.000Z,震源,発表,優先,2024-01-02T10:21:31+09:00
9AAD10882B80035DE2001051053861894C0111500000000000000012D14A294,2024-01-02T01:23:00.000Z,震源,発表,優先,2024-01-02T10:23:35+09:00
C6AD18882B8000828B440000000000000000000000000000000000130A76A78,2024-01-02T01:23:00.000Z,震度,発表,優先,2024-01-02T10:23:39+09:00
9AAD10884380035C00001084002561894C01115000000000000000130541CD0,2024-01-02T02:07:00.000Z,震源,発表,優先,2024-01-02T11:07:23+09:00
9AAD1088A200035C00001142052B7BC95801118000000000000000104BBDEB8,2024-01-02T05:04:00.000Z,震源,発表,優先,2024-01-02T14:04:47+09:00
53AD1088C180035C0000118105226189580111B000000000000000122051A68,2024-01-02T06:03:00.000Z,震源,発表,優先,2024-01-02T15:03:55+09:00
C6AD1088D300035C000011A3051F7BC9580111800000000000000012C42D6AC,2024-01-02T06:38:00.000Z,震源,発表,優先,2024-01-02T15:38:15+09:00
53AD1088E000035C000011B9052D61894C0111500000000000000013D4FC538,2024-01-02T07:00:00.000Z,震源,発表,優先,2024-01-02T16:00:55+09:00
53AD1888E080008DCA440000000000000000000000000000000000139C9641C,2024-01-02T07:01:00.000Z,震度,発表,優先,2024-01-02T16:01:55+09:00
53AD1088E100035C000011B9052D61894C01115000000000000000135AE6BA0,2024-01-02T07:02:00.000Z,震源,発表,優先,2024-01-02T16:02:55+09:00
9AAD1888E100008DCA440000000000000000000000000000000000138BA0E08,2024-01-02T07:02:00.000Z,震度,発表,優先,2024-01-02T16:02:59+09:00
9AAD1889078000906A44000000000000000000000000000000000013E5E7BB0,2024-01-02T08:15:00.000Z,震度,発表,優先,2024-01-02T17:15:35+09:00
9AAD1889080000906C440000000000000000000000000000000000107636F70,2024-01-02T08:16:00.000Z,震度,発表,優先,2024-01-02T17:16:47+09:00
9AAD10890880035C0000120D052E7BC94C0111200000000000000012B552224,2024-01-02T08:17:00.000Z,震源,発表,優先,2024-01-02T17:17:23+09:00
9AAD10890900035C0000120D052E7BC94C01112000000000000000127C45BF0,2024-01-02T08:18:00.000Z,震源,発表,優先,2024-01-02T17:18:23+09:00
C6AD1889090000906C44000000000000000000000000000000000012A5040F8,2024-01-02T08:18:00.000Z,震度,発表,優先,2024-01-02T17:18:27+09:00
C6AD10893000035C0000125D052B61895E0112900000000000000010C895AE4,2024-01-02T09:32:00.000Z,震源,発表,優先,2024-01-02T18:32:39+09:00
9AAD10898800035C0000130D052B6189520111B00000000000000013A603824,2024-01-02T12:16:00.000Z,震源,発表,優先,2024-01-02T21:16:35+09:00
9AAD1089A380035C00001344001F61894C011180000000000000001226739F8,2024-01-02T13:07:00.000Z,震源,発表,優先,2024-01-02T22:07:23+09:00
9AAD1089AB00035C00001353052161894C01115000000000000000125DD3CF8,2024-01-02T13:22:00.000Z,震源,発表,優先,2024-01-02T22:22:23+09:00
C6AD108A0B80035C0000141505207BC94C01112000000000000000122C7A4F8,2024-01-02T16:23:00.000Z,震源,発表,優先,2024-01-03T01:23:39+09:00
9AAC888A2B004B240000145505316199800001000000000100000011829E068,2024-01-02T17:22:00.000Z,緊急地震速報,発表,最優先,2024-01-03T02:22:11+09:00
53AD188A2B8000A2AB44000000000000000000000000000000000010D901A3C,2024-01-02T17:23:00.000Z,震度,発表,優先,2024-01-03T02:24:07+09:00
9AAD188A2C0000A2AC440000000000000000000000000000000000135DCB778,2024-01-02T17:24:00.000Z,震度,発表,優先,2024-01-03T02:24:47+09:00
53AD108A2C00035C00001455053261895E0112900000000000000010BDC71E4,2024-01-02T17:24:00.000Z,震源,発表,優先,2024-01-03T02:25:07+09:00
9AAD108A2C80035DE2001455053261895E0112900000000000000013194674C,2024-01-02T17:25:00.000Z,震源,発表,優先,2024-01-03T02:25:47+09:00
53AD188A2C8000A2AC440000000000000000000000000000000000106ACB8A0,2024-01-02T17:25:00.000Z,震度,発表,優先,2024-01-03T02:26:07+09:00
9AAD108A3100035C0000145E052C61895E01129000000000000000128870124,2024-01-02T17:34:00.000Z,震源,発表,優先,2024-01-03T02:34:11+09:00
C6AD188A310000A2F244000000000000000000000000000000000012F93BD80,2024-01-02T17:34:00.000Z,震度,発表,優先,2024-01-03T02:34:15+09:00
53AD108A5780035C000014AD05276189520111800000000000000011BEDBCB0,2024-01-02T18:47:00.000Z,震源,発表,優先,2024-01-03T03:47:31+09:00
53AD188AB10000AB0244000000000000000000000000000000000013F2D9098,2024-01-02T21:34:00.000Z,震度,発表,優先,2024-01-03T06:34:31+09:00
53AD108AB180035C00001560052D61894C01118000000000000000138C60000,2024-01-02T21:35:00.000Z,震源,発表,優先,2024-01-03T06:35:31+09:00
9AAD108AB200035C00001560052D61894C0111800000000000000012E6F04C8,2024-01-02T21:36:00.000Z,震源,発表,優先,2024-01-03T06:36:23+09:00
53AD188AB20000AB0244000000000000000000000000000000000013440F8B4,2024-01-02T21:36:00.000Z,震度,発表,優先,2024-01-03T06:36:31+09:00
53AD108AF200035C000015E205286189580112000000000000000012D801560,2024-01-02T23:36:00.000Z,震源,発表,優先,2024-01-03T08:36:55+09:00
53AC888C3B00032400001876050A619EC00001000000000100000010744925C,2024-01-03T01:54:00.000Z,緊急地震速報,発表,最優先,2024-01-03T10:54:55+09:00
C6AD188C3C0000C3B444000000000000000000000000000000000012FC7D618,2024-01-03T01:56:00.000Z,震度,発表,優先,2024-01-03T10:56:39+09:00
53AD108C3C80035C0000187605376189580111B0000000000000001151FB7D8,2024-01-03T01:57:00.000Z,震源,発表,優先,2024-01-03T10:57:19+09:00
C6AD108C5980035C000018B0052A61895E011260000000000000001388B3268,2024-01-03T02:51:00.000Z,震源,発表,優先,2024-01-03T11:51:15+09:00
C6AD108C7380035C000018E5052A7BC94C0111200000000000000012A806890,2024-01-03T03:39:00.000Z,震源,発表,優先,2024-01-03T12:40:04+09:00
C6AD188C7C0000C7B244000000000000000000000000000000000012551463C,2024-01-03T03:56:00.000Z,震度,発表,優先,2024-01-03T12:57:03+09:00
53AD108C7C80035C000018F605315EC96401132000000000000000135FE72C4,2024-01-03T03:57:00.000Z,震源,発表,優先,2024-01-03T12:57:19+09:00
C6AD108C7D00035C000018F605315EC9640113200000000000000012DA46178,2024-01-03T03:58:00.000Z,震源,発表,優先,2024-01-03T12:58:15+09:00
53AD188C7D0000C7B244000000000000000000000000000000000013350D6F8,2024-01-03T03:58:00.000Z,震度,発表,優先,2024-01-03T12:58:19+09:00
53AD108CD700035C000019AC05237BC9580111800000000000000011C6EFC64,2024-01-03T06:46:00.000Z,震源,発表,優先,2024-01-03T15:46:31+09:00
53AD108CE500035C000019C8052A6189580111B0000000000000001090554A0,2024-01-03T07:10:00.000Z,震源,発表,優先,2024-01-03T16:10:43+09:00
C6AD108D0C80035C00001A16052161894C01115000000000000000125DF138C,2024-01-03T08:25:00.000Z,震源,発表,優先,2024-01-03T17:25:51+09:00
C6AD108D1A80035C00001A33051F61894C01115000000000000000137571234,2024-01-03T08:53:00.000Z,震源,発表,優先,2024-01-03T17:53:51+09:00
53AC888D3800032400001A70050A619AC00001000000000100000013880EF78,2024-01-03T09:48:00.000Z,緊急地震速報,発表,最優先,2024-01-03T18:48:19+09:00
C6AD188D388000D38244000000000000000000000000000000000012FAEF4D8,2024-01-03T09:49:00.000Z,震度,発表,優先,2024-01-03T18:50:15+09:00
C6AD108D3900035C00001A7005306189520111800000000000000012AD044E4,2024-01-03T09:50:00.000Z,震源,発表,優先,2024-01-03T18:51:15+09:00
9AAD108D3A00035DE2001A7005306189520111800000000000000013B871824,2024-01-03T09:52:00.000Z,震源,発表,優先,2024-01-03T18:52:35+09:00
53AD188D3A0000D38244000000000000000000000000000000000010C501028,2024-01-03T09:52:00.000Z,震度,発表,優先,2024-01-03T18:52:55+09:00
9AAD108D5600035C00001AAA052861894C01115000000000000000101222C74,2024-01-03T10:44:00.000Z,震源,発表,優先,2024-01-03T19:44:59+09:00
9AAD108D7980035C00001AF005266189580112600000000000000013699A2B8,2024-01-03T11:51:00.000Z,震源,発表,優先,2024-01-03T20:51:59+09:00
53AD108DD180035C00001BA1052A618952011200000000000000001225A0C3C,2024-01-03T14:35:00.000Z,震源,発表,優先,2024-01-03T23:35:55+09:00
53AD188DF30000DF2244000000000000000000000000000000000011931E9FC,2024-01-03T15:38:00.000Z,震度,発表,優先,2024-01-04T00:38:43+09:00
9AAD108DF380035C00001BE405307BC95E0112300000000000000010C46E69C,2024-01-03T15:39:00.000Z,震源,発表,優先,2024-01-04T00:39:35+09:00
53AD108DF400035C00001BE405307BC95E0112300000000000000012B26C3B0,2024-01-03T15:40:00.000Z,震源,発表,優先,2024-01-04T00:41:07+09:00
C6AD188DF40000DF2244000000000000000000000000000000000013147F9B0,2024-01-03T15:40:00.000Z,震度,発表,優先,2024-01-04T00:41:15+09:00
9AAD10902680035C0000204A05296189580112600000000000000010B6C31CC,2024-01-04T01:13:00.000Z,震源,発表,優先,2024-01-04T10:13:23+09:00
9AAD10906F00035C000020DA052361895E01129000000000000000125953ADC,2024-01-04T03:30:00.000Z,震源,発表,優先,2024-01-04T12:30:23+09:00
C6AD1890D880010D7244000000000000000000000000000000000012488692C,2024-01-04T06:49:00.000Z,震度,発表,優先,2024-01-04T15:49:51+09:00
53AD1090D900035C000021AE052C61895E011290000000000000001036E4C14,2024-01-04T06:50:00.000Z,震源,発表,優先,2024-01-04T15:50:19+09:00
9AAD1090DD80035C000021B8052761894C0111500000000000000012F2E0BAC,2024-01-04T06:59:00.000Z,震源,発表,優先,2024-01-04T15:59:35+09:00
C6AD1890DD80010DC24400000000000000000000000000000000001338338D8,2024-01-04T06:59:00.000Z,震度,発表,優先,2024-01-04T15:59:39+09:00
53AD10910980035C0000221005327C897001132000000000000000136D5EFA4,2024-01-04T08:19:00.000Z,震源,発表,優先,2024-01-04T17:19:43+09:00
53AD10915700035C000022AC052061894C01115000000000000000136E25840,2024-01-04T10:46:00.000Z,震源,発表,優先,2024-01-04T19:46:55+09:00
9AAD1891E280011E2244000000000000000000000000000000000012C003E34,2024-01-04T15:05:00.000Z,震度,発表,優先,2024-01-05T00:05:59+09:00
53AD1091E300035C000023C4052C61894C01118000000000000000132310A40,2024-01-04T15:06:00.000Z,震源,発表,優先,2024-01-05T00:07:07+09:00
9AAD1091E380035C000023C4052C61894C01118000000000000000131889AF8,2024-01-04T15:07:00.000Z,震源,発表,優先,2024-01-05T00:08:11+09:00
53AD1891E380011E2244000000000000000000000000000000000013B4C18E8,2024-01-04T15:07:00.000Z,震度,発表,優先,2024-01-05T00:08:19+09:00
53AD10940E80035C0000281B002961894C01115000000000000000127E6A9D8,2024-01-05T00:29:00.000Z,震源,発表,優先,2024-01-05T09:30:07+09:00
9AAD10941C00035C00002835052761894C011150000000000000001019B80B8,2024-01-05T00:56:00.000Z,震源,発表,優先,2024-01-05T09:56:11+09:00
9AAD10942C00035C00002855052761895E011260000000000000001350478B4,2024-01-05T01:24:00.000Z,震源,発表,優先,2024-01-05T10:24:47+09:00
9AAD1094A900035C0000294F052961895E01126000000000000000101078A5C,2024-01-05T05:18:00.000Z,震源,発表,優先,2024-01-05T14:18:35+09:00
C6AD10951680035C00002A2B05237BC9460111500000000000000011703C3C8,2024-01-05T08:45:00.000Z,震源,発表,優先,2024-01-05T17:45:51+09:00
C6AD10954700035C00002A8A05297BC95E0112300000000000000010C8B48D4,2024-01-05T10:14:00.000Z,震源,発表,優先,2024-01-05T19:14:15+09:00
C6AD1895A580015A4A44000000000000000000000000000000000010A7C04F4,2024-01-05T13:11:00.000Z,震度,発表,優先,2024-01-05T22:11:15+09:00
9AAD1095A580035C00002B49052C618958011200000000000000001375BD37C,2024-01-05T13:11:00.000Z,震源,発表,優先,2024-01-05T22:11:59+09:00
9AAD1095A600035C00002B49052C6189580112000000000000000011AC068F8,2024-01-05T13:12:00.000Z,震源,発表,優先,2024-01-05T22:12:35+09:00
C6AD1895A600015A4A44000000000000000000000000000000000011D057424,2024-01-05T13:12:00.000Z,震度,発表,優先,2024-01-05T22:12:39+09:00
C6AD1095D980035C00002BB0052461895E0112900000000000000013B604804,2024-01-05T14:51:00.000Z,震源,発表,優先,2024-01-05T23:51:15+09:00
53AD189620000161DA44000000000000000000000000000000000011E110754,2024-01-05T17:00:00.000Z,震度,発表,優先,2024-01-06T02:00:55+09:00
9AAD10962080035C00002C3B052E7BC94C0111200000000000000011EE14BB4,2024-01-05T17:01:00.000Z,震源,発表,優先,2024-01-06T02:01:59+09:00
53AD10962100035C00002C3B052E7BC94C0111200000000000000010BC489C8,2024-01-05T17:02:00.000Z,震源,発表,優先,2024-01-06T02:02:43+09:00
9AAD189621000161DA44000000000000000000000000000000000010F441264,2024-01-05T17:02:00.000Z,震度,発表,優先,2024-01-06T02:02:47+09:00
9AAC88968D80932400002D1A053661998000010000000001000000134947EBC,2024-01-05T20:27:00.000Z,緊急地震速報,発表,最優先,2024-01-06T05:27:11+09:00
53AD18968E000168D445200000000000000000000000000000000011C5A0080,2024-01-05T20:28:00.000Z,震度,発表,優先,2024-01-06T05:28:55+09:00
53AD10968E80035C00002D1A053561894C0111800000000000000011B831CC0,2024-01-05T20:29:00.000Z,震源,発表,優先,2024-01-06T05:29:55+09:00
C6AD10968F00035DE2002D1A053561894C011180000000000000001286712E8,2024-01-05T20:30:00.000Z,震源,発表,優先,2024-01-06T05:31:15+09:00
9AAD18968F000168D445200000000000000000000000000000000013DC68AD0,2024-01-05T20:30:00.000Z,震度,発表,優先,2024-01-06T05:31:35+09:00
9AAD1096C000035C00002D79052D7BC95E0111B000000000000000118D7D47C,2024-01-05T22:00:00.000Z,震源,発表,優先,2024-01-06T07:00:35+09:00
9AAD10989B00035C00003134052361894C01115000000000000000121CA9F50,2024-01-06T04:54:00.000Z,震源,発表,優先,2024-01-06T13:54:35+09:00
9AAD1098C600035C00003189052461895E0112600000000000000011EB483BC,2024-01-06T06:12:00.000Z,震源,発表,優先,2024-01-06T15:12:23+09:00
C6AD1099CB80035C00003394052C7BC94C01112000000000000000135576FE0,2024-01-06T14:23:00.000Z,震源,発表,優先,2024-01-06T23:23:27+09:00
9AAD1099D200035C00003394052C7BC94C01112000000000000000108588BB8,2024-01-06T14:36:00.000Z,震源,発表,優先,2024-01-06T23:36:35+09:00
C6AD1899D200019CA544000000000000000000000000000000000010C12CDE4,2024-01-06T14:36:00.000Z,震度,発表,優先,2024-01-06T23:36:39+09:00
9AAD1099FD80035C000033F905217BC94C0111200000000000000013E471454,2024-01-06T15:59:00.000Z,震源,発表,優先,2024-01-07T00:59:35+09:00
C6AD109AD400035C000035A605227BC94C011120000000000000001080E65F0,2024-01-06T22:40:00.000Z,震源,発表,優先,2024-01-07T07:40:51+09:00
53AC889CB3004B240000396605347C5AC0000100000000010000001231E28A4,2024-01-07T05:38:00.000Z,緊急地震速報,発表,最優先,2024-01-07T14:38:19+09:00
9AAD189CB38001CB32440000000000000000000000000000000000106747324,2024-01-07T05:39:00.000Z,震度,発表,優先,2024-01-07T14:39:59+09:00
C6AD109CB400035C00003966052D61895E0112900000000000000012F894F44,2024-01-07T05:40:00.000Z,震源,発表,優先,2024-01-07T14:40:39+09:00
9AAD109CB480035DE2003966052D61895E0112900000000000000013DF1CB3C,2024-01-07T05:41:00.000Z,震源,発表,優先,2024-01-07T14:41:59+09:00
53AD189CB48001CB32440000000000000000000000000000000000113B42DC8,2024-01-07T05:41:00.000Z,震度,発表,優先,2024-01-07T14:42:19+09:00
53AD189CCE0001CCD24400000000000000000000000000000000001326CA0A4,2024-01-07T06:28:00.000Z,震度,発表,優先,2024-01-07T15:28:43+09:00
9AAD109CCE80035C0000399A052D61894C01115000000000000000130A66F34,2024-01-07T06:29:00.000Z,震源,発表,優先,2024-01-07T15:29:47+09:00
C6AD109CCF00035C0000399A052D61894C011150000000000000001251E6F48,2024-01-07T06:30:00.000Z,震源,発表,優先,2024-01-07T15:30:39+09:00
53AD189CCF0001CCD2440000000000000000000000000000000000128C295B8,2024-01-07T06:30:00.000Z,震度,発表,優先,2024-01-07T15:30:43+09:00
C6AD189D938001D93244000000000000000000000000000000000013B6658C4,2024-01-07T12:39:00.000Z,震度,発表,優先,2024-01-07T21:40:03+09:00
53AD109D9400035C00003B26052F61894C0111800000000000000012EDA37C8,2024-01-07T12:40:00.000Z,震源,発表,優先,2024-01-07T21:40:55+09:00
53AD109D9480035C00003B26052F61894C0111800000000000000011C7A4C08,2024-01-07T12:41:00.000Z,震源,発表,優先,2024-01-07T21:41:43+09:00
9AAD189D948001D93244000000000000000000000000000000000012209A3F0,2024-01-07T12:41:00.000Z,震度,発表,優先,2024-01-07T21:41:47+09:00
C6AD109DD700035C00003BAC05286189580111B00000000000000011ADECECC,2024-01-07T14:46:00.000Z,震源,発表,優先,2024-01-07T23:46:27+09:00